layer,id,status,owner,evidence
"BASE","1","IMPLEMENTED","src.mega_context_wave3.RepositoryContextEngine","tests/test_mega_context_wave3.py"
"BASE","2","IMPLEMENTED","src.mega_context_wave3.RepositoryContextEngine","tests/test_mega_context_wave3.py"
"BASE","3","IMPLEMENTED","src.mega_context_wave3.RepositoryContextEngine","tests/test_mega_context_wave3.py"
"BASE","4","IMPLEMENTED","src.mega_context_wave3.RepositoryContextEngine","tests/test_mega_context_wave3.py"
"BASE","5","IMPLEMENTED","src.mega_context_wave3.RepositoryContextEngine","tests/test_mega_context_wave3.py"
"BASE","6","IMPLEMENTED","src.mega_context_wave3.RepositoryContextEngine","tests/test_mega_context_wave3.py"
"BASE","7","IMPLEMENTED","src.mega_context_wave3.RepositoryContextEngine","tests/test_mega_context_wave3.py"
"BASE","8","IMPLEMENTED","src.mega_context_wave3.RepositoryContextEngine","tests/test_mega_context_wave3.py"
"BASE","9","IMPLEMENTED","src.mega_context_wave3.RepositoryContextEngine","tests/test_mega_context_wave3.py"
"BASE","10","IMPLEMENTED","src.mega_context_wave3.RepositoryContextEngine","tests/test_mega_context_wave3.py"
"BASE","11","IMPLEMENTED","src.mega_context_wave3.RepositoryContextEngine","tests/test_mega_context_wave3.py"
"BASE","12","IMPLEMENTED","src.mega_context_wave3.RepositoryContextEngine","tests/test_mega_context_wave3.py"
"BASE","13","IMPLEMENTED","src.mega_context_wave3.RepositoryContextEngine","tests/test_mega_context_wave3.py"
"BASE","14","IMPLEMENTED","src.mega_context_wave3.RepositoryContextEngine","tests/test_mega_context_wave3.py"
"BASE","15","IMPLEMENTED","src.mega_context_wave3.RepositoryContextEngine","tests/test_mega_context_wave3.py"
"BASE","16","IMPLEMENTED","src.mega_context_wave3.RepositoryContextEngine","tests/test_mega_context_wave3.py"
"BASE","17","IMPLEMENTED","src.mega_context_wave3.RepositoryContextEngine","tests/test_mega_context_wave3.py"
"BASE","18","IMPLEMENTED","src.mega_context_wave3.RepositoryContextEngine","tests/test_mega_context_wave3.py"
"BASE","19","IMPLEMENTED","src.mega_context_wave3.RepositoryContextEngine","tests/test_mega_context_wave3.py"
"BASE","20","IMPLEMENTED","src.mega_context_wave3.RepositoryContextEngine","tests/test_mega_context_wave3.py"
"BASE","21","IMPLEMENTED","src.mega_context_wave3.RepositoryContextEngine","tests/test_mega_context_wave3.py"
"BASE","22","IMPLEMENTED","src.mega_context_wave3.RepositoryContextEngine","tests/test_mega_context_wave3.py"
"BASE","23","IMPLEMENTED","src.mega_context_wave3.RepositoryContextEngine","tests/test_mega_context_wave3.py"
"BASE","24","IMPLEMENTED","src.mega_context_wave3.RepositoryContextEngine","tests/test_mega_context_wave3.py"
"BASE","25","IMPLEMENTED","src.mega_context_wave3.RepositoryContextEngine","tests/test_mega_context_wave3.py"
"BASE","26","IMPLEMENTED","src.mega_context_wave3.RepositoryContextEngine","tests/test_mega_context_wave3.py"
"BASE","27","IMPLEMENTED","src.mega_context_wave3.RepositoryContextEngine","tests/test_mega_context_wave3.py"
"BASE","28","IMPLEMENTED","src.mega_context_wave3.RepositoryContextEngine","tests/test_mega_context_wave3.py"
"BASE","29","IMPLEMENTED","src.mega_context_wave3.RepositoryContextEngine","tests/test_mega_context_wave3.py"
"BASE","30","IMPLEMENTED","src.mega_context_wave3.RepositoryContextEngine","tests/test_mega_context_wave3.py"
"BASE","31","IMPLEMENTED","src.mega_context_wave3.RepositoryContextEngine","tests/test_mega_context_wave3.py"
"BASE","32","IMPLEMENTED","src.mega_context_wave3.RepositoryContextEngine","tests/test_mega_context_wave3.py"
"BASE","33","IMPLEMENTED","src.mega_context_wave3.RepositoryContextEngine","tests/test_mega_context_wave3.py"
"BASE","34","IMPLEMENTED","src.mega_context_wave3.RepositoryContextEngine","tests/test_mega_context_wave3.py"
"BASE","35","IMPLEMENTED","src.mega_context_wave3.RepositoryContextEngine","tests/test_mega_context_wave3.py"
"BASE","36","IMPLEMENTED","src.mega_context_wave3.RepositoryContextEngine","tests/test_mega_context_wave3.py"
"BASE","37","IMPLEMENTED","src.mega_context_wave3.RepositoryContextEngine","tests/test_mega_context_wave3.py"
"BASE","38","IMPLEMENTED","src.mega_context_wave3.RepositoryContextEngine","tests/test_mega_context_wave3.py"
"BASE","39","IMPLEMENTED","src.mega_context_wave3.RepositoryContextEngine","tests/test_mega_context_wave3.py"
"BASE","40","IMPLEMENTED","src.mega_context_wave3.RepositoryContextEngine","tests/test_mega_context_wave3.py"
"BASE","41","IMPLEMENTED","src.mega_context_wave3.RepositoryContextEngine","tests/test_mega_context_wave3.py"
"BASE","42","IMPLEMENTED","src.mega_context_wave3.RepositoryContextEngine","tests/test_mega_context_wave3.py"
"BASE","43","IMPLEMENTED","src.mega_context_wave3.RepositoryContextEngine","tests/test_mega_context_wave3.py"
"BASE","44","IMPLEMENTED","src.mega_context_wave3.RepositoryContextEngine","tests/test_mega_context_wave3.py"
"BASE","45","IMPLEMENTED","src.mega_context_wave3.RepositoryContextEngine","tests/test_mega_context_wave3.py"
"BASE","46","IMPLEMENTED","src.mega_context_wave3.RepositoryContextEngine","tests/test_mega_context_wave3.py"
"BASE","47","IMPLEMENTED","src.mega_context_wave3.RepositoryContextEngine","tests/test_mega_context_wave3.py"
"BASE","48","IMPLEMENTED","src.mega_context_wave3.RepositoryContextEngine","tests/test_mega_context_wave3.py"
"BASE","49","IMPLEMENTED","src.mega_context_wave3.RepositoryContextEngine","tests/test_mega_context_wave3.py"
"BASE","50","IMPLEMENTED","src.mega_context_wave3.RepositoryContextEngine","tests/test_mega_context_wave3.py"
"BASE","51","IMPLEMENTED","src.mega_context_wave3.RepositoryContextEngine","tests/test_mega_context_wave3.py"
"BASE","52","IMPLEMENTED","src.mega_context_wave3.RepositoryContextEngine","tests/test_mega_context_wave3.py"
"BASE","53","IMPLEMENTED","src.mega_context_wave3.RepositoryContextEngine","tests/test_mega_context_wave3.py"
"BASE","54","IMPLEMENTED","src.mega_context_wave3.RepositoryContextEngine","tests/test_mega_context_wave3.py"
"BASE","55","IMPLEMENTED","src.mega_context_wave3.RepositoryContextEngine","tests/test_mega_context_wave3.py"
"BASE","56","IMPLEMENTED","src.mega_context_wave3.RepositoryContextEngine","tests/test_mega_context_wave3.py"
"BASE","57","IMPLEMENTED","src.mega_context_wave3.RepositoryContextEngine","tests/test_mega_context_wave3.py"
"BASE","58","IMPLEMENTED","src.mega_context_wave3.RepositoryContextEngine","tests/test_mega_context_wave3.py"
"BASE","59","IMPLEMENTED","src.mega_context_wave3.RepositoryContextEngine","tests/test_mega_context_wave3.py"
"BASE","60","IMPLEMENTED","src.mega_context_wave3.RepositoryContextEngine","tests/test_mega_context_wave3.py"
"BASE","61","IMPLEMENTED","src.mega_context_wave3.RepositoryContextEngine","tests/test_mega_context_wave3.py"
"BASE","62","IMPLEMENTED","src.mega_context_wave3.RepositoryContextEngine","tests/test_mega_context_wave3.py"
"BASE","63","IMPLEMENTED","src.mega_context_wave3.RepositoryContextEngine","tests/test_mega_context_wave3.py"
"BASE","64","IMPLEMENTED","src.mega_context_wave3.RepositoryContextEngine","tests/test_mega_context_wave3.py"
"BASE","65","IMPLEMENTED","src.mega_context_wave3.RepositoryContextEngine","tests/test_mega_context_wave3.py"
"BASE","66","IMPLEMENTED","src.mega_context_wave3.RepositoryContextEngine","tests/test_mega_context_wave3.py"
"BASE","67","IMPLEMENTED","src.mega_context_wave3.RepositoryContextEngine","tests/test_mega_context_wave3.py"
"BASE","68","IMPLEMENTED","src.mega_context_wave3.RepositoryContextEngine","tests/test_mega_context_wave3.py"
"BASE","69","IMPLEMENTED","src.mega_context_wave3.RepositoryContextEngine","tests/test_mega_context_wave3.py"
"BASE","70","IMPLEMENTED","src.mega_context_wave3.RepositoryContextEngine","tests/test_mega_context_wave3.py"
"BASE","71","IMPLEMENTED","src.mega_context_wave3.RepositoryContextEngine","tests/test_mega_context_wave3.py"
"BASE","72","IMPLEMENTED","src.mega_context_wave3.RepositoryContextEngine","tests/test_mega_context_wave3.py"
"BASE","73","IMPLEMENTED","src.mega_context_wave3.RepositoryContextEngine","tests/test_mega_context_wave3.py"
"BASE","74","IMPLEMENTED","src.mega_context_wave3.RepositoryContextEngine","tests/test_mega_context_wave3.py"
"BASE","75","IMPLEMENTED","src.mega_context_wave3.RepositoryContextEngine","tests/test_mega_context_wave3.py"
"BASE","76","IMPLEMENTED","src.mega_context_wave3.RepositoryContextEngine","tests/test_mega_context_wave3.py"
"BASE","77","IMPLEMENTED","src.mega_context_wave3.RepositoryContextEngine","tests/test_mega_context_wave3.py"
"BASE","78","IMPLEMENTED","src.mega_context_wave3.RepositoryContextEngine","tests/test_mega_context_wave3.py"
"BASE","79","IMPLEMENTED","src.mega_context_wave3.RepositoryContextEngine","tests/test_mega_context_wave3.py"
"BASE","80","IMPLEMENTED","src.mega_context_wave3.RepositoryContextEngine","tests/test_mega_context_wave3.py"
"BASE","81","IMPLEMENTED","src.mega_context_wave3.RepositoryContextEngine","tests/test_mega_context_wave3.py"
"BASE","82","IMPLEMENTED","src.mega_context_wave3.RepositoryContextEngine","tests/test_mega_context_wave3.py"
"BASE","83","IMPLEMENTED","src.mega_context_wave3.RepositoryContextEngine","tests/test_mega_context_wave3.py"
"BASE","84","IMPLEMENTED","src.mega_context_wave3.RepositoryContextEngine","tests/test_mega_context_wave3.py"
"BASE","85","IMPLEMENTED","src.mega_context_wave3.RepositoryContextEngine","tests/test_mega_context_wave3.py"
"BASE","86","IMPLEMENTED","src.mega_context_wave3.RepositoryContextEngine","tests/test_mega_context_wave3.py"
"BASE","87","IMPLEMENTED","src.mega_context_wave3.RepositoryContextEngine","tests/test_mega_context_wave3.py"
"BASE","88","IMPLEMENTED","src.mega_context_wave3.RepositoryContextEngine","tests/test_mega_context_wave3.py"
"BASE","89","IMPLEMENTED","src.mega_context_wave3.RepositoryContextEngine","tests/test_mega_context_wave3.py"
"BASE","90","IMPLEMENTED","src.mega_context_wave3.RepositoryContextEngine","tests/test_mega_context_wave3.py"
"BASE","91","IMPLEMENTED","src.mega_context_wave3.RepositoryContextEngine","tests/test_mega_context_wave3.py"
"BASE","92","IMPLEMENTED","src.mega_context_wave3.RepositoryContextEngine","tests/test_mega_context_wave3.py"
"BASE","93","IMPLEMENTED","src.mega_context_wave3.RepositoryContextEngine","tests/test_mega_context_wave3.py"
"BASE","94","IMPLEMENTED","src.mega_context_wave3.RepositoryContextEngine","tests/test_mega_context_wave3.py"
"BASE","95","IMPLEMENTED","src.mega_context_wave3.RepositoryContextEngine","tests/test_mega_context_wave3.py"
"SPX","SPX-001","IMPLEMENTED","src.mega_context_wave3.EvidenceWorkspace","tests/test_mega_context_wave3.py"
"SPX","SPX-002","IMPLEMENTED","src.mega_context_wave3.EvidenceWorkspace","tests/test_mega_context_wave3.py"
"SPX","SPX-003","IMPLEMENTED","src.mega_context_wave3.EvidenceWorkspace","tests/test_mega_context_wave3.py"
"SPX","SPX-004","IMPLEMENTED","src.mega_context_wave3.EvidenceWorkspace","tests/test_mega_context_wave3.py"
"SPX","SPX-005","IMPLEMENTED","src.mega_context_wave3.EvidenceWorkspace","tests/test_mega_context_wave3.py"
"SPX","SPX-006","IMPLEMENTED","src.mega_context_wave3.EvidenceWorkspace","tests/test_mega_context_wave3.py"
"SPX","SPX-007","IMPLEMENTED","src.mega_context_wave3.EvidenceWorkspace","tests/test_mega_context_wave3.py"
"SPX","SPX-008","IMPLEMENTED","src.mega_context_wave3.EvidenceWorkspace","tests/test_mega_context_wave3.py"
"SPX","SPX-009","IMPLEMENTED","src.mega_context_wave3.EvidenceWorkspace","tests/test_mega_context_wave3.py"
"SPX","SPX-010","IMPLEMENTED","src.mega_context_wave3.EvidenceWorkspace","tests/test_mega_context_wave3.py"
"SPX","SPX-011","IMPLEMENTED","src.mega_context_wave3.EvidenceWorkspace","tests/test_mega_context_wave3.py"
"SPX","SPX-012","IMPLEMENTED","src.mega_context_wave3.EvidenceWorkspace","tests/test_mega_context_wave3.py"
"SPX","SPX-013","IMPLEMENTED","src.mega_context_wave3.EvidenceWorkspace","tests/test_mega_context_wave3.py"
"SPX","SPX-014","IMPLEMENTED","src.mega_context_wave3.EvidenceWorkspace","tests/test_mega_context_wave3.py"
"SPX","SPX-015","IMPLEMENTED","src.mega_context_wave3.EvidenceWorkspace","tests/test_mega_context_wave3.py"
"SPX","SPX-016","IMPLEMENTED","src.mega_context_wave3.EvidenceWorkspace","tests/test_mega_context_wave3.py"
"SPX","SPX-017","IMPLEMENTED","src.mega_context_wave3.EvidenceWorkspace","tests/test_mega_context_wave3.py"
"SPX","SPX-018","IMPLEMENTED","src.mega_context_wave3.EvidenceWorkspace","tests/test_mega_context_wave3.py"
"SPX","SPX-019","IMPLEMENTED","src.mega_context_wave3.EvidenceWorkspace","tests/test_mega_context_wave3.py"
"SPX","SPX-020","IMPLEMENTED","src.mega_context_wave3.EvidenceWorkspace","tests/test_mega_context_wave3.py"
"SPX","SPX-021","IMPLEMENTED","src.mega_context_wave3.EvidenceWorkspace","tests/test_mega_context_wave3.py"
"SPX","SPX-022","IMPLEMENTED","src.mega_context_wave3.EvidenceWorkspace","tests/test_mega_context_wave3.py"
"SPX","SPX-023","IMPLEMENTED","src.mega_context_wave3.EvidenceWorkspace","tests/test_mega_context_wave3.py"
"SPX","SPX-024","IMPLEMENTED","src.mega_context_wave3.EvidenceWorkspace","tests/test_mega_context_wave3.py"
"SPX","SPX-025","IMPLEMENTED","src.mega_context_wave3.EvidenceWorkspace","tests/test_mega_context_wave3.py"
"SPX","SPX-026","IMPLEMENTED","src.mega_context_wave3.EvidenceWorkspace","tests/test_mega_context_wave3.py"
"SPX","SPX-027","IMPLEMENTED","src.mega_context_wave3.EvidenceWorkspace","tests/test_mega_context_wave3.py"
"SPX","SPX-028","IMPLEMENTED","src.mega_context_wave3.EvidenceWorkspace","tests/test_mega_context_wave3.py"
"SPX","SPX-029","IMPLEMENTED","src.mega_context_wave3.EvidenceWorkspace","tests/test_mega_context_wave3.py"
"SPX","SPX-030","IMPLEMENTED","src.mega_context_wave3.EvidenceWorkspace","tests/test_mega_context_wave3.py"
"SPX","SPX-031","IMPLEMENTED","src.mega_context_wave3.EvidenceWorkspace","tests/test_mega_context_wave3.py"
"SPX","SPX-032","IMPLEMENTED","src.mega_context_wave3.EvidenceWorkspace","tests/test_mega_context_wave3.py"
"SPX","SPX-033","IMPLEMENTED","src.mega_context_wave3.EvidenceWorkspace","tests/test_mega_context_wave3.py"
"SPX","SPX-034","BLOCKED","existing domain owner / future reconciliation","BLOCKED_EXTERNAL_OR_DOMAIN_OWNER_RECONCILIATION_REQUIRED"
"SPX","SPX-035","BLOCKED","existing domain owner / future reconciliation","BLOCKED_EXTERNAL_OR_DOMAIN_OWNER_RECONCILIATION_REQUIRED"
"SPX","SPX-036","BLOCKED","existing domain owner / future reconciliation","BLOCKED_EXTERNAL_OR_DOMAIN_OWNER_RECONCILIATION_REQUIRED"
"SPX","SPX-037","BLOCKED","existing domain owner / future reconciliation","BLOCKED_EXTERNAL_OR_DOMAIN_OWNER_RECONCILIATION_REQUIRED"
"SPX","SPX-038","IMPLEMENTED","src.mega_context_wave3.EvidenceWorkspace","tests/test_mega_context_wave3.py"
"SPX","SPX-039","IMPLEMENTED","src.mega_context_wave3.EvidenceWorkspace","tests/test_mega_context_wave3.py"
"SPX","SPX-040","IMPLEMENTED","src.mega_context_wave3.EvidenceWorkspace","tests/test_mega_context_wave3.py"
"SPX","SPX-041","BLOCKED","existing domain owner / future reconciliation","BLOCKED_EXTERNAL_OR_DOMAIN_OWNER_RECONCILIATION_REQUIRED"
"SPX","SPX-042","BLOCKED","existing domain owner / future reconciliation","BLOCKED_EXTERNAL_OR_DOMAIN_OWNER_RECONCILIATION_REQUIRED"
"SPX","SPX-043","BLOCKED","existing domain owner / future reconciliation","BLOCKED_EXTERNAL_OR_DOMAIN_OWNER_RECONCILIATION_REQUIRED"
"SPX","SPX-044","IMPLEMENTED","src.mega_context_wave3.EvidenceWorkspace","tests/test_mega_context_wave3.py"
"SPX","SPX-045","IMPLEMENTED","src.mega_context_wave3.EvidenceWorkspace","tests/test_mega_context_wave3.py"
"SPX","SPX-046","IMPLEMENTED","src.mega_context_wave3.EvidenceWorkspace","tests/test_mega_context_wave3.py"
"SPX","SPX-047","IMPLEMENTED","src.mega_context_wave3.EvidenceWorkspace","tests/test_mega_context_wave3.py"
"SPX","SPX-048","IMPLEMENTED","src.mega_context_wave3.EvidenceWorkspace","tests/test_mega_context_wave3.py"
"SPX","SPX-049","BLOCKED","existing domain owner / future reconciliation","BLOCKED_EXTERNAL_OR_DOMAIN_OWNER_RECONCILIATION_REQUIRED"
"SPX","SPX-050","BLOCKED","existing domain owner / future reconciliation","BLOCKED_EXTERNAL_OR_DOMAIN_OWNER_RECONCILIATION_REQUIRED"
"SPX","SPX-051","BLOCKED","existing domain owner / future reconciliation","BLOCKED_EXTERNAL_OR_DOMAIN_OWNER_RECONCILIATION_REQUIRED"
"SPX","SPX-052","BLOCKED","existing domain owner / future reconciliation","BLOCKED_EXTERNAL_OR_DOMAIN_OWNER_RECONCILIATION_REQUIRED"
"SPX","SPX-053","BLOCKED","existing domain owner / future reconciliation","BLOCKED_EXTERNAL_OR_DOMAIN_OWNER_RECONCILIATION_REQUIRED"
"SPX","SPX-054","BLOCKED","existing domain owner / future reconciliation","BLOCKED_EXTERNAL_OR_DOMAIN_OWNER_RECONCILIATION_REQUIRED"
"SPX","SPX-055","BLOCKED","existing domain owner / future reconciliation","BLOCKED_EXTERNAL_OR_DOMAIN_OWNER_RECONCILIATION_REQUIRED"
"SPX","SPX-056","BLOCKED","existing domain owner / future reconciliation","BLOCKED_EXTERNAL_OR_DOMAIN_OWNER_RECONCILIATION_REQUIRED"
"SPX","SPX-057","BLOCKED","existing domain owner / future reconciliation","BLOCKED_EXTERNAL_OR_DOMAIN_OWNER_RECONCILIATION_REQUIRED"
"SPX","SPX-058","BLOCKED","existing domain owner / future reconciliation","BLOCKED_EXTERNAL_OR_DOMAIN_OWNER_RECONCILIATION_REQUIRED"
"SPX","SPX-059","BLOCKED","existing domain owner / future reconciliation","BLOCKED_EXTERNAL_OR_DOMAIN_OWNER_RECONCILIATION_REQUIRED"
"SPX","SPX-060","BLOCKED","existing domain owner / future reconciliation","BLOCKED_EXTERNAL_OR_DOMAIN_OWNER_RECONCILIATION_REQUIRED"
"SPX","SPX-061","BLOCKED","existing domain owner / future reconciliation","BLOCKED_EXTERNAL_OR_DOMAIN_OWNER_RECONCILIATION_REQUIRED"
"SPX","SPX-062","BLOCKED","existing domain owner / future reconciliation","BLOCKED_EXTERNAL_OR_DOMAIN_OWNER_RECONCILIATION_REQUIRED"
"SPX","SPX-063","BLOCKED","existing domain owner / future reconciliation","BLOCKED_EXTERNAL_OR_DOMAIN_OWNER_RECONCILIATION_REQUIRED"
"SPX","SPX-064","BLOCKED","existing domain owner / future reconciliation","BLOCKED_EXTERNAL_OR_DOMAIN_OWNER_RECONCILIATION_REQUIRED"
"SPX","SPX-065","BLOCKED","existing domain owner / future reconciliation","BLOCKED_EXTERNAL_OR_DOMAIN_OWNER_RECONCILIATION_REQUIRED"
"SPX","SPX-066","BLOCKED","existing domain owner / future reconciliation","BLOCKED_EXTERNAL_OR_DOMAIN_OWNER_RECONCILIATION_REQUIRED"
"SPX","SPX-067","BLOCKED","existing domain owner / future reconciliation","BLOCKED_EXTERNAL_OR_DOMAIN_OWNER_RECONCILIATION_REQUIRED"
"SPX","SPX-068","BLOCKED","existing domain owner / future reconciliation","BLOCKED_EXTERNAL_OR_DOMAIN_OWNER_RECONCILIATION_REQUIRED"
"SPX","SPX-069","BLOCKED","existing domain owner / future reconciliation","BLOCKED_EXTERNAL_OR_DOMAIN_OWNER_RECONCILIATION_REQUIRED"
"SPX","SPX-070","BLOCKED","existing domain owner / future reconciliation","BLOCKED_EXTERNAL_OR_DOMAIN_OWNER_RECONCILIATION_REQUIRED"
"SPX","SPX-071","BLOCKED","existing domain owner / future reconciliation","BLOCKED_EXTERNAL_OR_DOMAIN_OWNER_RECONCILIATION_REQUIRED"
"SPX","SPX-072","BLOCKED","existing domain owner / future reconciliation","BLOCKED_EXTERNAL_OR_DOMAIN_OWNER_RECONCILIATION_REQUIRED"
"SPX","SPX-073","BLOCKED","existing domain owner / future reconciliation","BLOCKED_EXTERNAL_OR_DOMAIN_OWNER_RECONCILIATION_REQUIRED"
"SPX","SPX-074","BLOCKED","existing domain owner / future reconciliation","BLOCKED_EXTERNAL_OR_DOMAIN_OWNER_RECONCILIATION_REQUIRED"
"SPX","SPX-075","BLOCKED","existing domain owner / future reconciliation","BLOCKED_EXTERNAL_OR_DOMAIN_OWNER_RECONCILIATION_REQUIRED"
"SPX","SPX-076","BLOCKED","existing domain owner / future reconciliation","BLOCKED_EXTERNAL_OR_DOMAIN_OWNER_RECONCILIATION_REQUIRED"
"SPX","SPX-077","BLOCKED","existing domain owner / future reconciliation","BLOCKED_EXTERNAL_OR_DOMAIN_OWNER_RECONCILIATION_REQUIRED"
"SPX","SPX-078","BLOCKED","existing domain owner / future reconciliation","BLOCKED_EXTERNAL_OR_DOMAIN_OWNER_RECONCILIATION_REQUIRED"
"SPX","SPX-079","BLOCKED","existing domain owner / future reconciliation","BLOCKED_EXTERNAL_OR_DOMAIN_OWNER_RECONCILIATION_REQUIRED"
"SPX","SPX-080","BLOCKED","existing domain owner / future reconciliation","BLOCKED_EXTERNAL_OR_DOMAIN_OWNER_RECONCILIATION_REQUIRED"
"SPX","SPX-081","IMPLEMENTED","src.mega_context_wave3.EvidenceWorkspace","tests/test_mega_context_wave3.py"
"SPX","SPX-082","IMPLEMENTED","src.mega_context_wave3.EvidenceWorkspace","tests/test_mega_context_wave3.py"
"SPX","SPX-083","IMPLEMENTED","src.mega_context_wave3.EvidenceWorkspace","tests/test_mega_context_wave3.py"
"SPX","SPX-084","BLOCKED","existing domain owner / future reconciliation","BLOCKED_EXTERNAL_OR_DOMAIN_OWNER_RECONCILIATION_REQUIRED"
"SPX","SPX-085","BLOCKED","existing domain owner / future reconciliation","BLOCKED_EXTERNAL_OR_DOMAIN_OWNER_RECONCILIATION_REQUIRED"
"SPX","SPX-086","IMPLEMENTED","src.mega_context_wave3.EvidenceWorkspace","tests/test_mega_context_wave3.py"
"SPX","SPX-087","IMPLEMENTED","src.mega_context_wave3.EvidenceWorkspace","tests/test_mega_context_wave3.py"
"SPX","SPX-088","IMPLEMENTED","src.mega_context_wave3.EvidenceWorkspace","tests/test_mega_context_wave3.py"
"SPX","SPX-089","BLOCKED","existing domain owner / future reconciliation","BLOCKED_EXTERNAL_OR_DOMAIN_OWNER_RECONCILIATION_REQUIRED"
"SPX","SPX-090","BLOCKED","existing domain owner / future reconciliation","BLOCKED_EXTERNAL_OR_DOMAIN_OWNER_RECONCILIATION_REQUIRED"
"SPX","SPX-091","BLOCKED","existing domain owner / future reconciliation","BLOCKED_EXTERNAL_OR_DOMAIN_OWNER_RECONCILIATION_REQUIRED"
"SPX","SPX-092","BLOCKED","existing domain owner / future reconciliation","BLOCKED_EXTERNAL_OR_DOMAIN_OWNER_RECONCILIATION_REQUIRED"
"SPX","SPX-093","IMPLEMENTED","src.mega_context_wave3.EvidenceWorkspace","tests/test_mega_context_wave3.py"
"SPX","SPX-094","IMPLEMENTED","src.mega_context_wave3.EvidenceWorkspace","tests/test_mega_context_wave3.py"
"SPX","SPX-095","IMPLEMENTED","src.mega_context_wave3.EvidenceWorkspace","tests/test_mega_context_wave3.py"
"SPX","SPX-096","BLOCKED","existing domain owner / future reconciliation","BLOCKED_EXTERNAL_OR_DOMAIN_OWNER_RECONCILIATION_REQUIRED"
"W3","W3-001","IMPLEMENTED","src.mega_context_wave3.KnowledgeWorkbench","tests/test_mega_context_wave3.py"
"W3","W3-002","IMPLEMENTED","src.mega_context_wave3.KnowledgeWorkbench","tests/test_mega_context_wave3.py"
"W3","W3-003","IMPLEMENTED","src.mega_context_wave3.KnowledgeWorkbench","tests/test_mega_context_wave3.py"
"W3","W3-004","IMPLEMENTED","src.mega_context_wave3.KnowledgeWorkbench","tests/test_mega_context_wave3.py"
"W3","W3-005","IMPLEMENTED","src.mega_context_wave3.KnowledgeWorkbench","tests/test_mega_context_wave3.py"
"W3","W3-006","IMPLEMENTED","src.mega_context_wave3.KnowledgeWorkbench","tests/test_mega_context_wave3.py"
"W3","W3-007","IMPLEMENTED","src.mega_context_wave3.KnowledgeWorkbench","tests/test_mega_context_wave3.py"
"W3","W3-008","IMPLEMENTED","src.mega_context_wave3.KnowledgeWorkbench","tests/test_mega_context_wave3.py"
"W3","W3-009","IMPLEMENTED","src.mega_context_wave3.KnowledgeWorkbench","tests/test_mega_context_wave3.py"
"W3","W3-010","IMPLEMENTED","src.mega_context_wave3.KnowledgeWorkbench","tests/test_mega_context_wave3.py"
"W3","W3-011","IMPLEMENTED","src.mega_context_wave3.KnowledgeWorkbench","tests/test_mega_context_wave3.py"
"W3","W3-012","IMPLEMENTED","src.mega_context_wave3.KnowledgeWorkbench","tests/test_mega_context_wave3.py"
"W3","W3-013","IMPLEMENTED","src.mega_context_wave3.KnowledgeWorkbench","tests/test_mega_context_wave3.py"
"W3","W3-014","IMPLEMENTED","src.mega_context_wave3.KnowledgeWorkbench","tests/test_mega_context_wave3.py"
"W3","W3-015","IMPLEMENTED","src.mega_context_wave3.KnowledgeWorkbench","tests/test_mega_context_wave3.py"
"W3","W3-016","IMPLEMENTED","src.mega_context_wave3.KnowledgeWorkbench","tests/test_mega_context_wave3.py"
"W3","W3-017","IMPLEMENTED","src.mega_context_wave3.KnowledgeWorkbench","tests/test_mega_context_wave3.py"
"W3","W3-018","IMPLEMENTED","src.mega_context_wave3.KnowledgeWorkbench","tests/test_mega_context_wave3.py"
"W3","W3-019","IMPLEMENTED","src.mega_context_wave3.KnowledgeWorkbench","tests/test_mega_context_wave3.py"
"W3","W3-020","IMPLEMENTED","src.mega_context_wave3.KnowledgeWorkbench","tests/test_mega_context_wave3.py"
"W3","W3-021","IMPLEMENTED","src.mega_context_wave3.KnowledgeWorkbench","tests/test_mega_context_wave3.py"
"W3","W3-022","IMPLEMENTED","src.mega_context_wave3.KnowledgeWorkbench","tests/test_mega_context_wave3.py"
"W3","W3-023","BLOCKED","external model/connector/UI/post-release dependency","BLOCKED_EXTERNAL_MODEL_CONNECTOR_UI_OR_POST_RELEASE_DEPENDENCY"
"W3","W3-024","IMPLEMENTED","src.mega_context_wave3.KnowledgeWorkbench","tests/test_mega_context_wave3.py"
"W3","W3-025","IMPLEMENTED","src.mega_context_wave3.KnowledgeWorkbench","tests/test_mega_context_wave3.py"
"W3","W3-026","IMPLEMENTED","src.mega_context_wave3.KnowledgeWorkbench","tests/test_mega_context_wave3.py"
"W3","W3-027","IMPLEMENTED","src.mega_context_wave3.KnowledgeWorkbench","tests/test_mega_context_wave3.py"
"W3","W3-028","IMPLEMENTED","src.mega_context_wave3.KnowledgeWorkbench","tests/test_mega_context_wave3.py"
"W3","W3-029","IMPLEMENTED","src.mega_context_wave3.KnowledgeWorkbench","tests/test_mega_context_wave3.py"
"W3","W3-030","IMPLEMENTED","src.mega_context_wave3.KnowledgeWorkbench","tests/test_mega_context_wave3.py"
"W3","W3-031","IMPLEMENTED","src.mega_context_wave3.KnowledgeWorkbench","tests/test_mega_context_wave3.py"
"W3","W3-032","IMPLEMENTED","src.mega_context_wave3.KnowledgeWorkbench","tests/test_mega_context_wave3.py"
"W3","W3-033","IMPLEMENTED","src.mega_context_wave3.KnowledgeWorkbench","tests/test_mega_context_wave3.py"
"W3","W3-034","IMPLEMENTED","src.mega_context_wave3.KnowledgeWorkbench","tests/test_mega_context_wave3.py"
"W3","W3-035","IMPLEMENTED","src.mega_context_wave3.KnowledgeWorkbench","tests/test_mega_context_wave3.py"
"W3","W3-036","BLOCKED","external model/connector/UI/post-release dependency","BLOCKED_EXTERNAL_MODEL_CONNECTOR_UI_OR_POST_RELEASE_DEPENDENCY"
"W3","W3-037","IMPLEMENTED","src.mega_context_wave3.KnowledgeWorkbench","tests/test_mega_context_wave3.py"
"W3","W3-038","IMPLEMENTED","src.mega_context_wave3.KnowledgeWorkbench","tests/test_mega_context_wave3.py"
"W3","W3-039","IMPLEMENTED","src.mega_context_wave3.KnowledgeWorkbench","tests/test_mega_context_wave3.py"
"W3","W3-040","IMPLEMENTED","src.mega_context_wave3.KnowledgeWorkbench","tests/test_mega_context_wave3.py"
"W3","W3-041","IMPLEMENTED","src.mega_context_wave3.KnowledgeWorkbench","tests/test_mega_context_wave3.py"
"W3","W3-042","IMPLEMENTED","src.mega_context_wave3.KnowledgeWorkbench","tests/test_mega_context_wave3.py"
"W3","W3-043","IMPLEMENTED","src.mega_context_wave3.KnowledgeWorkbench","tests/test_mega_context_wave3.py"
"W3","W3-044","BLOCKED","external model/connector/UI/post-release dependency","BLOCKED_EXTERNAL_MODEL_CONNECTOR_UI_OR_POST_RELEASE_DEPENDENCY"
"W3","W3-045","BLOCKED","external model/connector/UI/post-release dependency","BLOCKED_EXTERNAL_MODEL_CONNECTOR_UI_OR_POST_RELEASE_DEPENDENCY"
"W3","W3-046","IMPLEMENTED","src.mega_context_wave3.KnowledgeWorkbench","tests/test_mega_context_wave3.py"
"W3","W3-047","IMPLEMENTED","src.mega_context_wave3.KnowledgeWorkbench","tests/test_mega_context_wave3.py"
"W3","W3-048","BLOCKED","external model/connector/UI/post-release dependency","BLOCKED_EXTERNAL_MODEL_CONNECTOR_UI_OR_POST_RELEASE_DEPENDENCY"
"W3","W3-049","IMPLEMENTED","src.mega_context_wave3.KnowledgeWorkbench","tests/test_mega_context_wave3.py"
"W3","W3-050","IMPLEMENTED","src.mega_context_wave3.KnowledgeWorkbench","tests/test_mega_context_wave3.py"
"W3","W3-051","BLOCKED","external model/connector/UI/post-release dependency","BLOCKED_EXTERNAL_MODEL_CONNECTOR_UI_OR_POST_RELEASE_DEPENDENCY"
"W3","W3-052","BLOCKED","external model/connector/UI/post-release dependency","BLOCKED_EXTERNAL_MODEL_CONNECTOR_UI_OR_POST_RELEASE_DEPENDENCY"
"W3","W3-053","IMPLEMENTED","src.mega_context_wave3.KnowledgeWorkbench","tests/test_mega_context_wave3.py"
"W3","W3-054","IMPLEMENTED","src.mega_context_wave3.KnowledgeWorkbench","tests/test_mega_context_wave3.py"
"W3","W3-055","IMPLEMENTED","src.mega_context_wave3.KnowledgeWorkbench","tests/test_mega_context_wave3.py"
"W3","W3-056","IMPLEMENTED","src.mega_context_wave3.KnowledgeWorkbench","tests/test_mega_context_wave3.py"
"W3","W3-057","IMPLEMENTED","src.mega_context_wave3.KnowledgeWorkbench","tests/test_mega_context_wave3.py"
"W3","W3-058","IMPLEMENTED","src.mega_context_wave3.KnowledgeWorkbench","tests/test_mega_context_wave3.py"
"W3","W3-059","IMPLEMENTED","src.mega_context_wave3.KnowledgeWorkbench","tests/test_mega_context_wave3.py"
"W3","W3-060","IMPLEMENTED","src.mega_context_wave3.KnowledgeWorkbench","tests/test_mega_context_wave3.py"
"W3","W3-061","BLOCKED","external model/connector/UI/post-release dependency","BLOCKED_EXTERNAL_MODEL_CONNECTOR_UI_OR_POST_RELEASE_DEPENDENCY"
"W3","W3-062","BLOCKED","external model/connector/UI/post-release dependency","BLOCKED_EXTERNAL_MODEL_CONNECTOR_UI_OR_POST_RELEASE_DEPENDENCY"
"W3","W3-063","BLOCKED","external model/connector/UI/post-release dependency","BLOCKED_EXTERNAL_MODEL_CONNECTOR_UI_OR_POST_RELEASE_DEPENDENCY"
"W3","W3-064","BLOCKED","external model/connector/UI/post-release dependency","BLOCKED_EXTERNAL_MODEL_CONNECTOR_UI_OR_POST_RELEASE_DEPENDENCY"
"W3","W3-065","IMPLEMENTED","src.mega_context_wave3.KnowledgeWorkbench","tests/test_mega_context_wave3.py"
"W3","W3-066","IMPLEMENTED","src.mega_context_wave3.KnowledgeWorkbench","tests/test_mega_context_wave3.py"
"W3","W3-067","IMPLEMENTED","src.mega_context_wave3.KnowledgeWorkbench","tests/test_mega_context_wave3.py"
"W3","W3-068","IMPLEMENTED","src.mega_context_wave3.KnowledgeWorkbench","tests/test_mega_context_wave3.py"
"W3","W3-069","IMPLEMENTED","src.mega_context_wave3.KnowledgeWorkbench","tests/test_mega_context_wave3.py"
"W3","W3-070","IMPLEMENTED","src.mega_context_wave3.KnowledgeWorkbench","tests/test_mega_context_wave3.py"
"W3","W3-071","BLOCKED","external model/connector/UI/post-release dependency","BLOCKED_EXTERNAL_MODEL_CONNECTOR_UI_OR_POST_RELEASE_DEPENDENCY"
"W3","W3-072","IMPLEMENTED","src.mega_context_wave3.KnowledgeWorkbench","tests/test_mega_context_wave3.py"
