problem_id,campaign_start_blocker,qualification_verdict_blocker,production_promotion_blocker,recommended_pr
AUTH-001,True,True,False,QPR-01
DATA-001,True,True,False,QPR-02
DATA-002,True,False,False,QPR-02
PERS-001,False,False,True,QPR-07
PROT-001,False,True,True,QPR-05
QUAL-001,False,True,True,QPR-06
QUAL-002,False,True,True,BACKLOG/HYGIENE
QUAL-003,False,False,True,QPR-06
QUAL-004,False,False,True,QPR-09
QUAL-005,False,False,True,QPR-10
PROV-001,True,False,False,QPR-04
AUTH-002,True,False,False,QPR-01
CLI-001,True,False,False,QPR-01
PROOF-001,False,False,True,QPR-10
DEBT-001,False,False,False,QPR-04
SRC-001,True,True,False,QPR-03
SRC-002,True,False,False,QPR-03
SLOT-001,False,True,True,QPR-02
ORACLE-001,False,False,True,QPR-05
TOKEN-001,False,False,False,QPR-08
VENUE-001,False,False,False,QPR-08
ORDERBOOK-001,False,False,False,QPR-08
OBS-001,True,False,False,QPR-02
RATE-001,True,False,False,QPR-02
LIC-001,False,False,False,QPR-03
PR-001,False,False,False,BACKLOG/HYGIENE
LEGACY-001,False,False,False,BACKLOG/HYGIENE
EXC-001,False,False,False,BACKLOG/HYGIENE
TIME-001,False,False,True,QPR-06
NET-001,False,False,False,QPR-03
ENV-001,False,False,False,QPR-03
