slot_id,status,source_name,family,chain_domain,official_docs_url,terms_url,license_class,auth_mode,secret_reference,free_tier,rate_limit,base_url,endpoint_or_program,data_kind,discovery_or_exact,provider,operator,correlation_group,slot_finality_support,schema_generation,sdk_or_source_version,program_id,deployment_hash,adapter_owner,probe_owner,quota_owner,journal_owner,first_campaign_mode,notes
FREE-SOURCE-001,BLANK_RESEARCH_SLOT,,,,,,,,,,,,,,,,,,,,,,,,,,,DISCOVERY_ONLY_BY_DEFAULT,
FREE-SOURCE-002,BLANK_RESEARCH_SLOT,,,,,,,,,,,,,,,,,,,,,,,,,,,DISCOVERY_ONLY_BY_DEFAULT,
FREE-SOURCE-003,BLANK_RESEARCH_SLOT,,,,,,,,,,,,,,,,,,,,,,,,,,,DISCOVERY_ONLY_BY_DEFAULT,
FREE-SOURCE-004,BLANK_RESEARCH_SLOT,,,,,,,,,,,,,,,,,,,,,,,,,,,DISCOVERY_ONLY_BY_DEFAULT,
FREE-SOURCE-005,BLANK_RESEARCH_SLOT,,,,,,,,,,,,,,,,,,,,,,,,,,,DISCOVERY_ONLY_BY_DEFAULT,
FREE-SOURCE-006,BLANK_RESEARCH_SLOT,,,,,,,,,,,,,,,,,,,,,,,,,,,DISCOVERY_ONLY_BY_DEFAULT,
FREE-SOURCE-007,BLANK_RESEARCH_SLOT,,,,,,,,,,,,,,,,,,,,,,,,,,,DISCOVERY_ONLY_BY_DEFAULT,
FREE-SOURCE-008,BLANK_RESEARCH_SLOT,,,,,,,,,,,,,,,,,,,,,,,,,,,DISCOVERY_ONLY_BY_DEFAULT,
FREE-SOURCE-009,BLANK_RESEARCH_SLOT,,,,,,,,,,,,,,,,,,,,,,,,,,,DISCOVERY_ONLY_BY_DEFAULT,
FREE-SOURCE-010,BLANK_RESEARCH_SLOT,,,,,,,,,,,,,,,,,,,,,,,,,,,DISCOVERY_ONLY_BY_DEFAULT,
FREE-SOURCE-011,BLANK_RESEARCH_SLOT,,,,,,,,,,,,,,,,,,,,,,,,,,,DISCOVERY_ONLY_BY_DEFAULT,
FREE-SOURCE-012,BLANK_RESEARCH_SLOT,,,,,,,,,,,,,,,,,,,,,,,,,,,DISCOVERY_ONLY_BY_DEFAULT,
FREE-SOURCE-013,BLANK_RESEARCH_SLOT,,,,,,,,,,,,,,,,,,,,,,,,,,,DISCOVERY_ONLY_BY_DEFAULT,
FREE-SOURCE-014,BLANK_RESEARCH_SLOT,,,,,,,,,,,,,,,,,,,,,,,,,,,DISCOVERY_ONLY_BY_DEFAULT,
FREE-SOURCE-015,BLANK_RESEARCH_SLOT,,,,,,,,,,,,,,,,,,,,,,,,,,,DISCOVERY_ONLY_BY_DEFAULT,
FREE-SOURCE-016,BLANK_RESEARCH_SLOT,,,,,,,,,,,,,,,,,,,,,,,,,,,DISCOVERY_ONLY_BY_DEFAULT,
FREE-SOURCE-017,BLANK_RESEARCH_SLOT,,,,,,,,,,,,,,,,,,,,,,,,,,,DISCOVERY_ONLY_BY_DEFAULT,
FREE-SOURCE-018,BLANK_RESEARCH_SLOT,,,,,,,,,,,,,,,,,,,,,,,,,,,DISCOVERY_ONLY_BY_DEFAULT,
FREE-SOURCE-019,BLANK_RESEARCH_SLOT,,,,,,,,,,,,,,,,,,,,,,,,,,,DISCOVERY_ONLY_BY_DEFAULT,
FREE-SOURCE-020,BLANK_RESEARCH_SLOT,,,,,,,,,,,,,,,,,,,,,,,,,,,DISCOVERY_ONLY_BY_DEFAULT,
FREE-SOURCE-021,BLANK_RESEARCH_SLOT,,,,,,,,,,,,,,,,,,,,,,,,,,,DISCOVERY_ONLY_BY_DEFAULT,
FREE-SOURCE-022,BLANK_RESEARCH_SLOT,,,,,,,,,,,,,,,,,,,,,,,,,,,DISCOVERY_ONLY_BY_DEFAULT,
FREE-SOURCE-023,BLANK_RESEARCH_SLOT,,,,,,,,,,,,,,,,,,,,,,,,,,,DISCOVERY_ONLY_BY_DEFAULT,
FREE-SOURCE-024,BLANK_RESEARCH_SLOT,,,,,,,,,,,,,,,,,,,,,,,,,,,DISCOVERY_ONLY_BY_DEFAULT,
FREE-SOURCE-025,BLANK_RESEARCH_SLOT,,,,,,,,,,,,,,,,,,,,,,,,,,,DISCOVERY_ONLY_BY_DEFAULT,
FREE-SOURCE-026,BLANK_RESEARCH_SLOT,,,,,,,,,,,,,,,,,,,,,,,,,,,DISCOVERY_ONLY_BY_DEFAULT,
FREE-SOURCE-027,BLANK_RESEARCH_SLOT,,,,,,,,,,,,,,,,,,,,,,,,,,,DISCOVERY_ONLY_BY_DEFAULT,
FREE-SOURCE-028,BLANK_RESEARCH_SLOT,,,,,,,,,,,,,,,,,,,,,,,,,,,DISCOVERY_ONLY_BY_DEFAULT,
FREE-SOURCE-029,BLANK_RESEARCH_SLOT,,,,,,,,,,,,,,,,,,,,,,,,,,,DISCOVERY_ONLY_BY_DEFAULT,
FREE-SOURCE-030,BLANK_RESEARCH_SLOT,,,,,,,,,,,,,,,,,,,,,,,,,,,DISCOVERY_ONLY_BY_DEFAULT,
FREE-SOURCE-031,BLANK_RESEARCH_SLOT,,,,,,,,,,,,,,,,,,,,,,,,,,,DISCOVERY_ONLY_BY_DEFAULT,
FREE-SOURCE-032,BLANK_RESEARCH_SLOT,,,,,,,,,,,,,,,,,,,,,,,,,,,DISCOVERY_ONLY_BY_DEFAULT,
FREE-SOURCE-033,BLANK_RESEARCH_SLOT,,,,,,,,,,,,,,,,,,,,,,,,,,,DISCOVERY_ONLY_BY_DEFAULT,
FREE-SOURCE-034,BLANK_RESEARCH_SLOT,,,,,,,,,,,,,,,,,,,,,,,,,,,DISCOVERY_ONLY_BY_DEFAULT,
FREE-SOURCE-035,BLANK_RESEARCH_SLOT,,,,,,,,,,,,,,,,,,,,,,,,,,,DISCOVERY_ONLY_BY_DEFAULT,
FREE-SOURCE-036,BLANK_RESEARCH_SLOT,,,,,,,,,,,,,,,,,,,,,,,,,,,DISCOVERY_ONLY_BY_DEFAULT,
FREE-SOURCE-037,BLANK_RESEARCH_SLOT,,,,,,,,,,,,,,,,,,,,,,,,,,,DISCOVERY_ONLY_BY_DEFAULT,
FREE-SOURCE-038,BLANK_RESEARCH_SLOT,,,,,,,,,,,,,,,,,,,,,,,,,,,DISCOVERY_ONLY_BY_DEFAULT,
FREE-SOURCE-039,BLANK_RESEARCH_SLOT,,,,,,,,,,,,,,,,,,,,,,,,,,,DISCOVERY_ONLY_BY_DEFAULT,
FREE-SOURCE-040,BLANK_RESEARCH_SLOT,,,,,,,,,,,,,,,,,,,,,,,,,,,DISCOVERY_ONLY_BY_DEFAULT,
FREE-SOURCE-041,BLANK_RESEARCH_SLOT,,,,,,,,,,,,,,,,,,,,,,,,,,,DISCOVERY_ONLY_BY_DEFAULT,
FREE-SOURCE-042,BLANK_RESEARCH_SLOT,,,,,,,,,,,,,,,,,,,,,,,,,,,DISCOVERY_ONLY_BY_DEFAULT,
FREE-SOURCE-043,BLANK_RESEARCH_SLOT,,,,,,,,,,,,,,,,,,,,,,,,,,,DISCOVERY_ONLY_BY_DEFAULT,
FREE-SOURCE-044,BLANK_RESEARCH_SLOT,,,,,,,,,,,,,,,,,,,,,,,,,,,DISCOVERY_ONLY_BY_DEFAULT,
FREE-SOURCE-045,BLANK_RESEARCH_SLOT,,,,,,,,,,,,,,,,,,,,,,,,,,,DISCOVERY_ONLY_BY_DEFAULT,
FREE-SOURCE-046,BLANK_RESEARCH_SLOT,,,,,,,,,,,,,,,,,,,,,,,,,,,DISCOVERY_ONLY_BY_DEFAULT,
FREE-SOURCE-047,BLANK_RESEARCH_SLOT,,,,,,,,,,,,,,,,,,,,,,,,,,,DISCOVERY_ONLY_BY_DEFAULT,
FREE-SOURCE-048,BLANK_RESEARCH_SLOT,,,,,,,,,,,,,,,,,,,,,,,,,,,DISCOVERY_ONLY_BY_DEFAULT,
FREE-SOURCE-049,BLANK_RESEARCH_SLOT,,,,,,,,,,,,,,,,,,,,,,,,,,,DISCOVERY_ONLY_BY_DEFAULT,
FREE-SOURCE-050,BLANK_RESEARCH_SLOT,,,,,,,,,,,,,,,,,,,,,,,,,,,DISCOVERY_ONLY_BY_DEFAULT,
FREE-SOURCE-051,BLANK_RESEARCH_SLOT,,,,,,,,,,,,,,,,,,,,,,,,,,,DISCOVERY_ONLY_BY_DEFAULT,
FREE-SOURCE-052,BLANK_RESEARCH_SLOT,,,,,,,,,,,,,,,,,,,,,,,,,,,DISCOVERY_ONLY_BY_DEFAULT,
FREE-SOURCE-053,BLANK_RESEARCH_SLOT,,,,,,,,,,,,,,,,,,,,,,,,,,,DISCOVERY_ONLY_BY_DEFAULT,
FREE-SOURCE-054,BLANK_RESEARCH_SLOT,,,,,,,,,,,,,,,,,,,,,,,,,,,DISCOVERY_ONLY_BY_DEFAULT,
FREE-SOURCE-055,BLANK_RESEARCH_SLOT,,,,,,,,,,,,,,,,,,,,,,,,,,,DISCOVERY_ONLY_BY_DEFAULT,
FREE-SOURCE-056,BLANK_RESEARCH_SLOT,,,,,,,,,,,,,,,,,,,,,,,,,,,DISCOVERY_ONLY_BY_DEFAULT,
FREE-SOURCE-057,BLANK_RESEARCH_SLOT,,,,,,,,,,,,,,,,,,,,,,,,,,,DISCOVERY_ONLY_BY_DEFAULT,
FREE-SOURCE-058,BLANK_RESEARCH_SLOT,,,,,,,,,,,,,,,,,,,,,,,,,,,DISCOVERY_ONLY_BY_DEFAULT,
FREE-SOURCE-059,BLANK_RESEARCH_SLOT,,,,,,,,,,,,,,,,,,,,,,,,,,,DISCOVERY_ONLY_BY_DEFAULT,
FREE-SOURCE-060,BLANK_RESEARCH_SLOT,,,,,,,,,,,,,,,,,,,,,,,,,,,DISCOVERY_ONLY_BY_DEFAULT,
FREE-SOURCE-061,BLANK_RESEARCH_SLOT,,,,,,,,,,,,,,,,,,,,,,,,,,,DISCOVERY_ONLY_BY_DEFAULT,
FREE-SOURCE-062,BLANK_RESEARCH_SLOT,,,,,,,,,,,,,,,,,,,,,,,,,,,DISCOVERY_ONLY_BY_DEFAULT,
FREE-SOURCE-063,BLANK_RESEARCH_SLOT,,,,,,,,,,,,,,,,,,,,,,,,,,,DISCOVERY_ONLY_BY_DEFAULT,
FREE-SOURCE-064,BLANK_RESEARCH_SLOT,,,,,,,,,,,,,,,,,,,,,,,,,,,DISCOVERY_ONLY_BY_DEFAULT,
