source_id,family,role,cost,auth,rate_limit,current_status,official_url,notes
solana-public-rpc,rpc,smoke/reference only,free shared,none,"public shared; current docs list 100 requests/10s/IP and 40/10s per RPC, subject to change",DO_NOT_USE_AS_PRODUCTION_QUORUM,https://solana.com/docs/references/clusters,"Current docs show https://api.mainnet.solana.com; repo native capture hardcodes legacy api.mainnet-beta.solana.com. Verify alias, but remove hostname from code."
helius-free,rpc+wss,independent rooted RPC candidate + standard WSS,$0 tier,API key,1M credits/month; 10 RPC RPS; standard WSS,CANDIDATE_QUORUM_MEMBER,https://www.helius.dev/pricing,One provider/operator counts as one independence group even with multiple endpoints.
jupiter-free,router,discovery/route quote; composable contract only when exact current evidence passes,$0 tier,free API key recommended,1 request/sec; current pricing says unlimited usage,ACTIVE_EXISTING_PROVIDER_WITH_DRIFT_GATES,https://developers.jup.ag/pricing,Aggregator route must preserve underlying venue identity; not independent venue depth by itself.
dexscreener,discovery,candidate universe / pair metadata,free API,public,300 requests/min for pair/search/token endpoints; 60/min for profile/boost endpoints,GOOD_FREE_DISCOVERY,https://docs.dexscreener.com/api/reference,Never use indexed price/liquidity as exact executable output; verify on-chain.
geckoterminal,discovery,candidate universe / pool/OHLCV/reference,free public beta,none,30 calls/min public API,GOOD_FREE_DISCOVERY,https://apiguide.geckoterminal.com/faq,Set API version; beta schema can change; on-chain verification required.
meteora-dlmm-data,venue-indexed-api,pool discovery/metrics,public indexed API,none documented in referenced overview,30 RPS,GOOD_DISCOVERY_NOT_EXACT_EXECUTION,https://github.com/MeteoraAg/docs/blob/main/developer-guides/dlmm/api-reference/overview.mdx,"Exact DLMM quote requires complete bins, dynamic fees and slot-consistent on-chain state."
meteora-damm-v1-data,venue-indexed-api,pool/config/metrics discovery,public indexed API,none documented in referenced overview,10 RPS,DISCOVERY_CANDIDATE,https://github.com/MeteoraAg/docs/blob/main/developer-guides/damm-v1/api-reference/overview.mdx,Indexed API is not proof of executable reserves/state.
pyth-core-hermes,oracle,oracle/reference/freshness,key required; plan economics must be rechecked,Authorization: Bearer PYTH_API_KEY,do not assume unlimited,AUTH_FIXED_BY_PR566_BUT_ENDPOINT_GENERATION_SHOULD_REFRESH,https://docs.pyth.network/price-feeds/core/upgrade/preparing,Pyth recommends upgraded endpoint https://pyth.dourolabs.app/hermes; hermes.pyth.network remains current path with auth. Oracle != executable quote.
project0-p0-ts-sdk,lending/protocol,protocol state + transaction builders + oracle setup truth,open-source tooling; RPC cost separate,RPC dependent,n/a local SDK,MUST_REBIND_EXECUTABLE_CONFORMANCE,https://docs.marginfi.com/typescript-sdk/migration,marginfi-client-v2 deprecated; p0-ts-sdk >=2.8.0 required for 0.1.11 oracle setups.
openocean-v4,router,discovery quote only until contract exactness passes,access tier/whitelist to verify,repo treats API key required,verify current plan before campaign,REQUEST_SCHEMA_DRIFT,https://docs.openocean.finance/docs/overview/fetching-quote,Current docs require amountDecimals and gasPriceDecimals. Runtime adapter currently lacks gasPriceDecimals.
raydium-api-v3,venue-indexed-api,pool discovery only,public API; SLA/quota not assumed,verify,verify current docs at intake,EXISTING_DISCOVERY + NATIVE_CPMM_ONCHAIN_PATH,https://api-v3.raydium.io/docs/,Use API to find pools; exact outputs come from rooted account state/local math.
orca-whirlpools,direct-venue,on-chain exact venue candidate,open-source SDK; RPC cost separate,RPC dependent,n/a local SDK,BLOCKED_ON_CURRENT_DEPLOYMENT/LICENSE/POOL_EVIDENCE,https://github.com/orca-so/whirlpools,Do not copy source beyond license policy; use verified program/account state and local differential vectors.
phoenix-legacy,orderbook,shadow exact lot/depth candidate,open-source + RPC,RPC dependent,subscription/RPC dependent,SHADOW_ONLY,https://github.com/Ellipsis-Labs/phoenix-sdk,"Need verified subscriptions, sequence/resync, market allowlist, settlement proof."
openbook-v2,orderbook,future shadow exact orderbook,open-source + RPC,RPC dependent,subscription/RPC dependent,FIXTURE_ONLY/BLOCKED,https://github.com/openbook-dex/openbook-v2,Separate dossier from Phoenix; do not infer compatibility.
pumpswap,direct-venue,on-chain exact venue candidate,public program docs + RPC,RPC dependent,RPC dependent,NOT_CANONICALLY_ADMITTED,https://github.com/pump-fun/pump-public-docs,Pin accounts/fees/creator-fee/token-extension semantics before canonical producer.
