id,priority,gate,finding,why,where,direction
AUTH-001,P0,CAMPAIGN_START,Release qualification и runtime используют разные authority truth,"Release может хешировать runtime_authority_map, а runtime проверяет runtime_authority.json; evidence может быть привязан не к тому authority object.",scripts/qualify_release.py; src/runtime_authority.py; src/resources/runtime_authority.json; config/runtime_authority_map.json,"Свести к одному canonical RuntimeAuthority artifact и одному digest, который одновременно проверяют release, runtime и campaign manifest."
DATA-001,P0,CAMPAIGN_START,Native qualification hardcoded к одному anonymous public RPC,Нет независимой rooted verification; public Solana RPC не предназначен для production и может rate-limit/block.,src/market/native_cpmm_capture.py; src/paper_shadow/native_cpmm_qualification.py,ProviderProfile + RpcQuorumProfile; >=2 независимых provider/operator для qualification verdict; single-source разрешить только как EXPERIMENTAL/BLOCKED capture.
DATA-002,P1,CAMPAIGN_START,Hardcoded RPC hostname расходится с текущей Solana документацией,Repo использует api.mainnet-beta.solana.com; текущая Solana docs показывает api.mainnet.solana.com. Старый alias нельзя считать вечным контрактом.,src/market/native_cpmm_capture.py; tests; docs receipts,Endpoint только из reviewed provider profile; hostname/version входят в source_generation и evidence.
PERS-001,P0,PRODUCTION_PROMOTION,137 direct SQLite connects; 85 не approved текущей persistence policy,Несколько stores/transactions могут расходиться при crash/restart. Для быстрого старта достаточно сначала централизовать campaign evidence store; полный cutover нужен до promotion.,repo-wide; policy owner src/persistence_authority_mpr_next_12.py,Два этапа: CampaignPersistenceAuthority сейчас; затем migrate active lifecycle/economic/provider stores через approved factories.
PROT-001,P0,QUALIFICATION_VERDICT,Project0 truth и MarginFi executable conformance смотрят на разные source generations,"Catalog уже указывает p0-ts-sdk >=2.8.0, но executable conformance всё ещё pinned на старые source commits/artifacts.",src/providers/marginfi/deployment_conformance.py; src/providers/marginfi/pin.py; src/resources/contracts/marginfi/*,"Новый Project0 protocol dossier: SDK version, source commit, program version, IDL/layout, deployed program/programdata, golden vectors, oracle setup coverage."
QUAL-001,P0,QUALIFICATION_VERDICT,"Native report остаётся BLOCKED: one-shot capture, нет continuous subscription","Один снимок не доказывает continuity, gaps/reconnect semantics и forward behavior.",src/paper_shadow/native_cpmm_qualification.py,Добавить bounded continuous capture producer с cursor/gap/barrier semantics и immutable receipts.
QUAL-002,P0,QUALIFICATION_VERDICT,Deployment-source binding отсутствует,"Raw decode PASS не доказывает, что deployed binary соответствует pinned source/math.",native qualification report; direct venue dossiers,Program owner + programdata + deployment slot + binary hash + source/reproducible-build evidence.
QUAL-003,P1,QUALIFICATION_VERDICT,Forward holdout не материализован,Нельзя оценить robustness на unseen future window.,qualification report,"Time-based holdout partition, no-lookahead cutoff, sealed before replay scoring."
QUAL-004,P1,QUALIFICATION_VERDICT,Execution costs and financing = UNKNOWN,Gross candidate не равен net executable opportunity.,qualification/economics,"Compute unit, priority fee, Jito optional landing cost, flash-loan fee, account/rent impacts, route/provider fees; conservative unknown => reject."
QUAL-005,P0,PRODUCTION_PROMOTION,Нет release-bound real 24h/72h campaign evidence,Offline tests и synthetic replay не заменяют non-synthetic soak exact release generation.,release/soak/evidence gates,Сначала 24h campaign для system problem discovery; затем 72h release-bound soak для promotion evidence.
PROV-001,P1,CAMPAIGN_START,OpenOcean runtime request не совпадает с conformance contract,"Текущие docs V4 требуют gasPriceDecimals; repo runtime client его не передаёт, хотя conformance URL содержит.",src/routing/clients.py; src/resources/external_contracts.json,"Один typed request builder должен использоваться и runtime, и conformance probe; добавить gasPriceDecimals source/semantics для Solana."
AUTH-002,P1,CAMPAIGN_START,runtime_authority_map содержит stale PR queue,Development metadata уже расходится с GitHub; не должно участвовать в runtime/release identity.,config/runtime_authority_map.json; packaged mirror,Вынести PR queue в development-only inventory; runtime authority = только executable ownership/policy.
CLI-001,P1/P2,CAMPAIGN_START,CLI ищет строку run через membership/index вместо parsed subcommand,Значение аргумента run может ошибочно переключить dispatch.,src/cli_pr189.py; src/runtime/runtime_entrypoint.py; src/cli_entrypoint.py,"Один argparse dispatch owner; tests для run как value, config filename, trailing args."
PROOF-001,P1,PRODUCTION_PROMOTION,Proof islands не всегда являются runtime authorities,"Offline gate может быть зелёным, но canonical runtime не потребляет тот же owner/evidence.",src/resources/production_surface_manifest.json and related gates,"Каждый proof должен либо быть consumed by runtime/release authority, либо явно diagnostic-only."
DEBT-001,P2,HYGIENE,Global debt ledger ещё содержит obsolete Odos debt,"После PR #566 Odos retired, но старые debt requirements создают false blockers/noise.",scripts/qualify_release.py; production debt resources,Retire/supersede debt ID with migration receipt; historical artifacts remain audit-only.
SRC-001,P0,CAMPAIGN_START,Нет единого Source Intake Contract для быстрых новых data sources,Новые API/SDK могут подключаться ad hoc и повторять auth/quota/schema/provenance ошибки.,market source catalog + provider governance + adapters,SourceDossier -> ProviderProfile -> probe -> discovery-only adapter -> rooted verifier -> promotion; blank slots included in this pack.
SRC-002,P1,CAMPAIGN_START,Documentation/source-generation drift не автоматизирован,SDK/API/auth/endpoints меняются быстрее release cycle.,"provider docs, source pins, external_contracts",checked_at + official URL + package/program version + semantic request fingerprint + renewal TTL + drift verdict.
SLOT-001,P0,QUALIFICATION_VERDICT,Generic rooted RPC quorum не wired в native capture,Сильная data_plane/rpc logic существует отдельно от фактического campaign collector.,src/data_plane/rpc.py vs src/market/native_cpmm_capture.py,Native collector принимает RootedSnapshotProvider вместо URL; exact same slot/root evidence across independent sources.
ORACLE-001,P1,QUALIFICATION_VERDICT,Oracle upgrades требуют protocol-specific rebinding,Project0 0.1.11 добавил новые Scope/exchange-rate oracle setups; generic Pyth auth fix недостаточен для all-bank decoding/health.,MarginFi/Project0 oracle decode + Pyth integration,"OracleSetup registry with source generation, accounts, freshness/confidence, required extra accounts and negative tests."
TOKEN-001,P1,VENUE_EXPANSION,Token-2022 extension coverage не единообразна по venues,Transfer fees/hooks/delegates могут менять exact input/output или сделать pool unsupported.,"direct venue adapters, token policy",Canonical TokenSemantics evidence; unsupported extension => fail closed; exact transfer-fee amount coupling.
VENUE-001,P1,VENUE_EXPANSION,Current real native path в основном Raydium CPMM,CLMM/DLMM/Whirlpool/orderbook diversity ещё BLOCKED_EXTERNAL.,docs/mpr2622; src/direct_venue; orderbook providers,"Add one venue family at a time with current deployed vectors, complete mutable state and differential quote tests."
ORDERBOOK-001,P2,VENUE_EXPANSION,Phoenix/OpenBook market subscriptions не qualified,Fixture quote engine != continuous sequence/checksum/depth correctness.,src/providers/orderbook; src/strategy/strategies.py,"Snapshot+delta protocol, reconnect resync, lot/tick/fee verification, no fill-priority assumptions."
OBS-001,P1,CAMPAIGN_START,Negative evidence должно быть first-class для всех sources,Только успешные quotes создают selection bias и скрывают outages/gaps/rate-limit behavior.,campaign journal/observability,Persist timeout/401/403/429/5xx/schema drift/gap/stale/quorum disagreement with source generation and availability time.
RATE-001,P1,CAMPAIGN_START,Quota/budget semantics должны быть едиными для новых sources,Retry и параллельные adapters могут превысить free-tier limits или скрыто refill budget.,"ProviderGovernance, Jupiter quota, future adapters",Physical-attempt quota lease keyed by provider generation; retry consumes budget; daily/monthly caps explicit.
LIC-001,P2,SOURCE_ADMISSION,License/terms review нужен как часть source admission,"Open-source code, public API and indexed data имеют разные usage/resale restrictions.",source dossiers,"terms_url, license_class, redistribution_allowed, commercial_use, attribution, reviewed_at."
PR-001,P1,HYGIENE,30 open PR; несколько foundational PR сильно diverged,Высокий риск duplicate/reintroduced obsolete architecture.,GitHub PR queue,"Не merge stale PR напрямую; harvest unique tests/contracts, rebuild on current main, then close/supersede."
LEGACY-001,P2/P3,HYGIENE,Большой quarantined legacy/ingest слой,"Увеличивает scan/maintenance surface, но менее опасен если excluded from installed runtime.",src/legacy_arb_bot.py; large parts src/ingest,Keep quarantine manifest strict; delete/split only after evidence no active imports.
EXC-001,P2,HYGIENE,554 broad except Exception в snapshot,"Может маскировать semantic failures; большая доля legacy/tests, поэтому нужен active-graph-only lint.",repo-wide snapshot scan,"Lint only canonical active graph first; exceptions must map to typed failure codes, preserve cancellation."
TIME-001,P2,QUALIFICATION_VERDICT,260 time.time + 51 datetime.now calls в snapshot,"Freshness/replay evidence уязвима к wall-clock drift, если trusted-time owner обходится.",repo-wide snapshot scan,Campaign-critical paths use injected trusted wall+monotonic clocks and slot time; quarantine rest.
NET-001,P2,SOURCE_ADMISSION,140 raw aiohttp-style calls в snapshot,"Shared transport hardening/quota/redaction может обходиться; много legacy, но active paths надо классифицировать.",repo-wide snapshot scan,Active providers only through governed transport; legacy calls remain quarantined.
ENV-001,P2,SOURCE_ADMISSION,176 os.getenv direct reads в snapshot,Config identity может зависеть от untracked environment outside canonical config.,repo-wide snapshot scan,Active graph reads typed config/secret references; direct env allowed only bootstrap layer.
